{"cameraMode":{"drawMode":0,"name":"Shaded","section":"Shading Mode"},"sceneLighting":true,"audioPlay":false,"sceneViewState":{"showFog":true,"showMaterialUpdate":false,"showSkybox":true,"showFlares":true,"showImageEffects":true,"showParticleSystems":true},"in2DMode":false,"pivot":{"x":-0.6128759384155273,"y":3.8846817016601564,"z":-2.1063671112060549},"rotation":{"x":-0.08909871429204941,"y":0.8516768217086792,"z":-0.15393206477165223,"w":-0.4929659962654114},"size":6.931358814239502,"orthographic":false}